original_entropy,original_firstorder_10Percentile,original_firstorder_90Percentile,original_firstorder_Energy,original_firstorder_Entropy,original_firstorder_InterquartileRange,original_firstorder_Kurtosis,original_firstorder_Maximum,original_firstorder_MeanAbsoluteDeviation,original_firstorder_Mean,original_firstorder_Median,original_firstorder_Range,original_firstorder_RobustMeanAbsoluteDeviation,original_firstorder_RootMeanSquared,original_firstorder_Skewness,original_firstorder_TotalEnergy,original_firstorder_Uniformity,original_firstorder_Variance,original_glcm_Autocorrelation,original_glcm_Correlation,original_glcm_DifferenceEntropy,original_glcm_Id,original_glcm_Idm,original_glcm_Idmn,original_glcm_Idn,original_glcm_JointAverage,original_glcm_JointEnergy,original_glcm_JointEntropy,original_glcm_MCC,original_glcm_MaximumProbability,original_glcm_SumAverage,original_glcm_SumEntropy,original_gldm_DependenceEntropy,original_gldm_DependenceNonUniformity,original_gldm_DependenceNonUniformityNormalized,original_gldm_DependenceVariance,original_gldm_GrayLevelNonUniformity,original_gldm_HighGrayLevelEmphasis,original_gldm_LargeDependenceEmphasis,original_gldm_LargeDependenceHighGrayLevelEmphasis,original_gldm_LargeDependenceLowGrayLevelEmphasis,original_gldm_LowGrayLevelEmphasis,original_gldm_SmallDependenceEmphasis,original_gldm_SmallDependenceHighGrayLevelEmphasis,original_gldm_SmallDependenceLowGrayLevelEmphasis,original_glrlm_GrayLevelNonUniformity,original_glrlm_GrayLevelNonUniformityNormalized,original_glrlm_HighGrayLevelRunEmphasis,original_glrlm_LongRunEmphasis,original_glrlm_LongRunHighGrayLevelEmphasis,original_glrlm_LongRunLowGrayLevelEmphasis,original_glrlm_LowGrayLevelRunEmphasis,original_glrlm_RunEntropy,original_glrlm_RunLengthNonUniformity,original_glrlm_RunLengthNonUniformityNormalized,original_glrlm_RunPercentage,original_glrlm_RunVariance,original_glrlm_ShortRunEmphasis,original_glrlm_ShortRunHighGrayLevelEmphasis,original_glrlm_ShortRunLowGrayLevelEmphasis,original_glszm_GrayLevelNonUniformity,original_glszm_GrayLevelNonUniformityNormalized,original_glszm_HighGrayLevelZoneEmphasis,original_glszm_LargeAreaEmphasis,original_glszm_LargeAreaHighGrayLevelEmphasis,original_glszm_LargeAreaLowGrayLevelEmphasis,original_glszm_LowGrayLevelZoneEmphasis,original_glszm_SizeZoneNonUniformity,original_glszm_SizeZoneNonUniformityNormalized,original_glszm_SmallAreaEmphasis,original_glszm_SmallAreaHighGrayLevelEmphasis,original_glszm_SmallAreaLowGrayLevelEmphasis,original_glszm_ZoneEntropy,original_glszm_ZonePercentage,original_ngtdm_Coarseness,AE_8,AE_12,AE_28,AE_31
1.0,-0.2119653587804372,0.5444483086158874,0.2231305313432412,4.524102255345597e-15,0.592627816807191,-0.2621701772237931,0.42751314590085177,0.7567144468297587,0.22096482592877914,-0.03114267285948816,0.42751314590085177,0.7384608935689755,0.3814074632952281,-0.10039537081283002,0.2231305313432412,,0.7586209855863834,,,4.524102255345597e-15,,,,,,,4.524102255345597e-15,,,,4.524102255345597e-15,0.17515624312512737,-0.1697027479988518,-0.17654095639338488,0.12313180053743288,-0.1229688074788356,,-0.16333899176593858,-0.16333899176593858,-0.16333899176593858,,0.12271110280523638,0.12271110280523638,0.12271110280523638,0.1611522008589075,,,-0.16390365264159942,-0.16390365264159942,-0.16390365264159942,,0.17687188832037057,-0.15678579989854396,-0.17531538893438275,0.15927424862039652,0.17796129578157965,0.03953390027295279,0.03953390027295279,0.03953390027295279,,,,-0.12360369416916853,-0.12360369416916853,-0.12360369416916853,,,,0.1210420158725891,0.1210420158725891,0.1210420158725891,4.524102255345597e-15,0.12168792141633478,,0.19694734806560554,0.1794802699240305,0.19888069283326779,0.17641601703137752
-0.2119653587804372,1.0,0.06434894520877878,0.5384326463361296,2.1264903545877943e-16,-0.15499685165842575,0.5296022324305458,-0.07776157913597406,-0.3428773179709877,0.5402607136311562,0.43065491887109514,-0.07776157913597406,-0.36142311176066355,0.4291139376140699,-0.6529827118840333,0.5384326463361296,,-0.34281976259054964,,,2.1264903545877943e-16,,,,,,,2.1264903545877943e-16,,,,2.1264903545877943e-16,-0.09437417443019876,0.0921779199343991,0.09381869768195851,-0.08118706771993595,0.07365243038965531,,0.0920193155455316,0.0920193155455316,0.0920193155455316,,-0.08183822711493396,-0.08183822711493396,-0.08183822711493396,-0.09194290347865314,,,0.09341062692657537,0.09341062692657537,0.09341062692657537,,-0.09670992667919842,0.08284896568983018,0.09694717761894764,-0.09127065079068965,-0.08192740078662292,-0.031262767505185224,-0.031262767505185224,-0.031262767505185224,,,,0.07393802114705035,0.07393802114705035,0.07393802114705035,,,,-0.0727829425647344,-0.0727829425647344,-0.0727829425647344,2.1264903545877943e-16,-0.07307487511273329,,0.4913545674953737,0.48614971701877385,0.4950900370075939,0.4784041169409685
0.5444483086158874,0.06434894520877878,1.0,0.43860177666215444,1.0692411674796988e-16,0.31417734331938846,-0.08067410714989717,0.34151450937027683,0.6589961438268315,0.4378532590308067,0.14942113137233148,0.34151450937027683,0.7326016745000064,0.5952544455061746,-0.43501697416461427,0.43860177666215444,,0.6585677005059003,,,1.0692411674796988e-16,,,,,,,1.0692411674796988e-16,,,,1.0692411674796988e-16,0.1288317359584202,-0.12594306779767098,-0.12704458489634501,0.11150324861213229,-0.10467661037902373,,-0.12098382974432029,-0.12098382974432029,-0.12098382974432029,,0.11519160119442946,0.11519160119442946,0.11519160119442946,0.12077623682024663,,,-0.12090599450304511,-0.12090599450304511,-0.12090599450304511,,0.12090588425479248,-0.09639460421189892,-0.11930215289756696,0.12063844066154701,0.12177718396066892,0.07124231250392281,0.07124231250392281,0.07124231250392281,,,,-0.1049802632282245,-0.1049802632282245,-0.1049802632282245,,,,0.10374697928295558,0.10374697928295558,0.10374697928295558,1.0692411674796988e-16,0.10405995806954445,,0.40900521804693485,0.39161931702368474,0.4132994903088605,0.3839621700575286
0.2231305313432412,0.5384326463361296,0.43860177666215444,1.0,-2.0361141780125468e-17,0.40380649614492553,0.24213339457702068,0.2333200595954889,0.3692188498676886,0.9999628506950593,0.8006066602583213,0.2333200595954889,0.349910804157184,0.9729768228241882,-0.7240018867226967,1.0,,0.3699557759054955,,,-2.0361141780125468e-17,,,,,,,-2.0361141780125468e-17,,,,-2.0361141780125468e-17,-0.06391334992756015,0.05831524100045069,0.06180637466278479,-0.05750308965879876,0.039113166123659726,,0.05900241452052285,0.05900241452052285,0.05900241452052285,,-0.06578834929129597,-0.06578834929129597,-0.06578834929129597,-0.06026302939046002,,,0.06089940947736432,0.06089940947736432,0.06089940947736432,,-0.06408351170267731,0.05452787380980344,0.06212076734486772,-0.059239314930125464,-0.029210315091726093,-0.03049637568976959,-0.03049637568976959,-0.03049637568976959,,,,0.03919841826829469,0.03919841826829469,0.03919841826829469,,,,-0.03885169653802895,-0.03885169653802895,-0.03885169653802895,-2.0361141780125468e-17,-0.03893980560137669,,0.8745067082395012,0.8644696022173468,0.8775646804635001,0.8579052388428114
4.524102255345597e-15,2.1264903545877943e-16,1.0692411674796988e-16,-2.0361141780125468e-17,1.0,-2.448999524622695e-16,-1.333460325741849e-16,3.727238863463447e-18,1.3880727520275545e-16,6.531522864034533e-17,-3.565857306965682e-17,3.727238863463447e-18,-1.2436462198908048e-15,4.1046867522727673e-16,-2.864649953257677e-17,-2.0361141780125468e-17,,1.2823271960196933e-16,,,1.0,,,,,,,1.0,,,,1.0,2.079801839754825e-14,-4.98631003298262e-14,-7.676968319184288e-14,-3.357268392625688e-14,-1.1343643980846433e-14,,4.876640447689528e-13,4.876640447689528e-13,4.876640447689528e-13,,2.173720756994009e-13,2.173720756994009e-13,2.173720756994009e-13,-1.1911801366515264e-15,,,-2.3019454235307177e-14,-2.3019454235307177e-14,-2.3019454235307177e-14,,2.4807688971803107e-14,3.918344016117024e-15,-2.4047002254696188e-14,-4.8683870367893984e-14,-1.1283700835637277e-14,5.225800464668449e-15,5.225800464668449e-15,5.225800464668449e-15,,,,-2.104158746159874e-15,-2.104158746159874e-15,-2.104158746159874e-15,,,,-4.828248080133891e-14,-4.828248080133891e-14,-4.828248080133891e-14,1.0,-8.15402212905727e-13,,1.8983911070552286e-16,-7.500373785051373e-17,1.2009235054552076e-17,7.472606785372942e-17
0.592627816807191,-0.15499685165842575,0.31417734331938846,0.40380649614492553,-2.448999524622695e-16,1.0,-0.13628031382392639,0.2983067986650712,0.7844568690617133,0.40304444492242986,0.12380349986605658,0.2983067986650712,0.7398617232918939,0.5083646964223925,-0.16846075658821016,0.40380649614492553,,0.7835406114183514,,,-2.448999524622695e-16,,,,,,,-2.448999524622695e-16,,,,-2.448999524622695e-16,0.10798104776441586,-0.12368396117410627,-0.11139993781381727,0.08708618349985209,-0.14594938599766966,,-0.11336282248833303,-0.11336282248833303,-0.11336282248833303,,0.07166728857628724,0.07166728857628724,0.07166728857628724,0.10652879974184346,,,-0.11075143438253424,-0.11075143438253424,-0.11075143438253424,,0.12258782445669958,-0.10081109331072917,-0.11566694614689861,0.11082264981192148,0.0930757334974649,-0.017952668669956106,-0.017952668669956106,-0.017952668669956106,,,,-0.1460394866040605,-0.1460394866040605,-0.1460394866040605,,,,0.14566273787503925,0.14566273787503925,0.14566273787503925,-2.448999524622695e-16,0.14576103209651634,,0.3642538303206745,0.3448208920069253,0.3664251930256996,0.3416855377353993
-0.2621701772237931,0.5296022324305458,-0.08067410714989717,0.24213339457702068,-1.333460325741849e-16,-0.13628031382392639,1.0,-0.17665767447491074,-0.32776969221208824,0.2433406977889579,0.21034632802652128,-0.17665767447491074,-0.2906910338236365,0.15311469374823886,-0.7486658290423867,0.24213339457702068,,-0.3273490704311825,,,-1.333460325741849e-16,,,,,,,-1.333460325741849e-16,,,,-1.333460325741849e-16,-0.0699461374324503,0.06857425885937696,0.06953441421439176,-0.060207483551824176,0.05562803525624238,,0.06813618485293801,0.06813618485293801,0.06813618485293801,,-0.0604856742551442,-0.0604856742551442,-0.0604856742551442,-0.06799802990982272,,,0.06915828404873085,0.06915828404873085,0.06915828404873085,,-0.07122188431923093,0.060687191112497554,0.07154807317212275,-0.06759409912196693,-0.06179813294227308,-0.024495071715386313,-0.024495071715386313,-0.024495071715386313,,,,0.05583543022552783,0.05583543022552783,0.05583543022552783,,,,-0.054996421612842704,-0.054996421612842704,-0.054996421612842704,-1.333460325741849e-16,-0.05520851970456196,,0.2717107215258589,0.2703078656518101,0.27345380431437755,0.266668040815012
0.42751314590085177,-0.07776157913597406,0.34151450937027683,0.2333200595954889,3.727238863463447e-18,0.2983067986650712,-0.17665767447491074,1.0,0.4264515453196917,0.2290583463919355,0.0807794671608819,1.0,0.41089598290259655,0.30631404235114573,-0.05040520450858566,0.2333200595954889,,0.4350063239880063,,,3.727238863463447e-18,,,,,,,3.727238863463447e-18,,,,3.727238863463447e-18,0.09112733095733785,-0.07718115775140716,-0.09906437348963998,0.014385729432158108,0.005443431506006819,,-0.0803372400281372,-0.0803372400281372,-0.0803372400281372,,0.012266509842724652,0.012266509842724652,0.012266509842724652,0.07916758390985802,,,-0.06656091397387674,-0.06656091397387674,-0.06656091397387674,,0.15923208861454324,-0.18848268763290107,-0.13804213834578014,0.0723620063543592,0.13504429059497247,-0.01994178294535571,-0.01994178294535571,-0.01994178294535571,,,,0.0044849229218087315,0.0044849229218087315,0.0044849229218087315,,,,-0.00833230714512284,-0.00833230714512284,-0.00833230714512284,3.727238863463447e-18,-0.007367233593320716,,0.16610440199005952,0.16266220178418123,0.16583615007373312,0.16261600933319545
0.7567144468297587,-0.3428773179709877,0.6589961438268315,0.3692188498676886,1.3880727520275545e-16,0.7844568690617133,-0.32776969221208824,0.4264515453196917,1.0,0.3674047703113802,0.052873576827471555,0.4264515453196917,0.985341483514932,0.5547319658583809,-0.137882516600205,0.3692188498676886,,0.9998260870590602,,,1.3880727520275545e-16,,,,,,,1.3880727520275545e-16,,,,1.3880727520275545e-16,0.15543813149927863,-0.1595537103605922,-0.15669151174760274,0.1305995877521346,-0.14555931044332837,,-0.15510798612211485,-0.15510798612211485,-0.15510798612211485,,0.12153508668155795,0.12153508668155795,0.12153508668155795,0.15236079193600094,,,-0.15599922385987616,-0.15599922385987616,-0.15599922385987616,,0.16321491606921393,-0.13795964942205677,-0.1636979126481846,0.15304210898528758,0.15910968677304474,0.04681780820553637,0.04681780820553637,0.04681780820553637,,,,-0.14606275937981664,-0.14606275937981664,-0.14606275937981664,,,,0.14402524732198937,0.14402524732198937,0.14402524732198937,1.3880727520275545e-16,0.14454052711208026,,0.32462286769241006,0.30513789337049335,0.32714193313497714,0.3011561856244976
0.22096482592877914,0.5402607136311562,0.4378532590308067,0.9999628506950593,6.531522864034533e-17,0.40304444492242986,0.2433406977889579,0.2290583463919355,0.3674047703113802,1.0,0.8005178932704099,0.2290583463919355,0.3481668334229709,0.9726201730422454,-0.7248443253317315,0.9999628506950593,,0.3680027424937943,,,6.531522864034533e-17,,,,,,,6.531522864034533e-17,,,,6.531522864034533e-17,-0.06129974592003375,0.0554242535903826,0.05921763618663071,-0.054453306830440966,0.03562741757558171,,0.0562075574080958,0.0562075574080958,0.0562075574080958,,-0.06290132433326032,-0.06290132433326032,-0.06290132433326032,-0.05751201916022632,,,0.05801010492876122,0.05801010492876122,0.05801010492876122,,-0.06237696203583033,0.05377762801400751,0.060155329310493236,-0.056389785238766824,-0.02785070940791486,-0.029384328909474906,-0.029384328909474906,-0.029384328909474906,,,,0.03571716699667058,0.03571716699667058,0.03571716699667058,,,,-0.03535284919358974,-0.03535284919358974,-0.03535284919358974,6.531522864034533e-17,-0.03544525772324789,,0.8740965029366086,0.8640058766216411,0.877180983356658,0.8573991244123115
-0.03114267285948816,0.43065491887109514,0.14942113137233148,0.8006066602583213,-3.565857306965682e-17,0.12380349986605658,0.21034632802652128,0.0807794671608819,0.052873576827471555,0.8005178932704099,1.0,0.0807794671608819,0.038984596215745154,0.7076054664289206,-0.5021169350555708,0.8006066602583213,,0.0537570419206807,,,-3.565857306965682e-17,,,,,,,-3.565857306965682e-17,,,,-3.565857306965682e-17,-0.16333262253032613,0.16264596825992647,0.16149140448635727,-0.14623728853624854,0.14328323954799554,,0.1586221813373558,0.1586221813373558,0.1586221813373558,,-0.1485132361387371,-0.1485132361387371,-0.1485132361387371,-0.1578828876369397,,,0.15926800393941015,0.15926800393941015,0.15926800393941015,,-0.1740302601187849,0.1352233169395561,0.16346234361008696,-0.158178306442401,-0.1359585723846299,-0.07905056130588403,-0.07905056130588403,-0.07905056130588403,,,,0.1437476789507361,0.1437476789507361,0.1437476789507361,,,,-0.1418627891265931,-0.1418627891265931,-0.1418627891265931,-3.565857306965682e-17,-0.14234077350420135,,0.6665068071606877,0.666266285889291,0.6668115748048119,0.6648049760585368
0.42751314590085177,-0.07776157913597406,0.34151450937027683,0.2333200595954889,3.727238863463447e-18,0.2983067986650712,-0.17665767447491074,1.0,0.4264515453196917,0.2290583463919355,0.0807794671608819,1.0,0.41089598290259655,0.30631404235114573,-0.05040520450858566,0.2333200595954889,,0.4350063239880063,,,3.727238863463447e-18,,,,,,,3.727238863463447e-18,,,,3.727238863463447e-18,0.09112733095733785,-0.07718115775140716,-0.09906437348963998,0.014385729432158108,0.005443431506006819,,-0.0803372400281372,-0.0803372400281372,-0.0803372400281372,,0.012266509842724652,0.012266509842724652,0.012266509842724652,0.07916758390985802,,,-0.06656091397387674,-0.06656091397387674,-0.06656091397387674,,0.15923208861454324,-0.18848268763290107,-0.13804213834578014,0.0723620063543592,0.13504429059497247,-0.01994178294535571,-0.01994178294535571,-0.01994178294535571,,,,0.0044849229218087315,0.0044849229218087315,0.0044849229218087315,,,,-0.00833230714512284,-0.00833230714512284,-0.00833230714512284,3.727238863463447e-18,-0.007367233593320716,,0.16610440199005952,0.16266220178418123,0.16583615007373312,0.16261600933319545
0.7384608935689755,-0.36142311176066355,0.7326016745000064,0.349910804157184,-1.2436462198908048e-15,0.7398617232918939,-0.2906910338236365,0.41089598290259655,0.985341483514932,0.3481668334229709,0.038984596215745154,0.41089598290259655,1.0,0.5391095182781525,-0.15948955447021562,0.349910804157184,,0.9850050855485091,,,-1.2436462198908048e-15,,,,,,,-1.2436462198908048e-15,,,,-1.2436462198908048e-15,0.16007519157556258,-0.16306636596664223,-0.1607530721383769,0.13547738479239543,-0.14693874926920397,,-0.1581364652711116,-0.1581364652711116,-0.1581364652711116,,0.12847782367268418,0.12847782367268418,0.12847782367268418,0.15574284883879633,,,-0.1588675530786485,-0.1588675530786485,-0.1588675530786485,,0.16423514175054157,-0.13708906099549675,-0.16448882864352043,0.15633634590387074,0.1616046803341924,0.0556499817686664,0.0556499817686664,0.0556499817686664,,,,-0.14742740973917462,-0.14742740973917462,-0.14742740973917462,,,,0.14544853154084983,0.14544853154084983,0.14544853154084983,-1.2436462198908048e-15,0.1459492854068306,,0.3135648250677364,0.2943724046271465,0.3161007211281984,0.290411041947401
0.3814074632952281,0.4291139376140699,0.5952544455061746,0.9729768228241882,4.1046867522727673e-16,0.5083646964223925,0.15311469374823886,0.30631404235114573,0.5547319658583809,0.9726201730422454,0.7076054664289206,0.30631404235114573,0.5391095182781525,1.0,-0.7114287051290039,0.9729768228241882,,0.5552257969237251,,,4.1046867522727673e-16,,,,,,,4.1046867522727673e-16,,,,4.1046867522727673e-16,-0.010724728130663783,0.005275731766900432,0.008906378433598476,-0.011414194949845776,-0.006798100742196798,,0.007144457853587843,0.007144457853587843,0.007144457853587843,,-0.019909237932621893,-0.019909237932621893,-0.019909237932621893,-0.008801704134569146,,,0.008177215868643414,0.008177215868643414,0.008177215868643414,,-0.009977343348189333,0.009046378247225074,0.007887139345815967,-0.007755554210238598,0.016695258919526067,-0.00993384272381726,-0.00993384272381726,-0.00993384272381726,,,,-0.006842668094180756,-0.006842668094180756,-0.006842668094180756,,,,0.006663226022837882,0.006663226022837882,0.006663226022837882,4.1046867522727673e-16,0.006708374451601748,,0.8553033877675646,0.8410452661485454,0.8590848747607961,0.8333863760949475
-0.10039537081283002,-0.6529827118840333,-0.43501697416461427,-0.7240018867226967,-2.864649953257677e-17,-0.16846075658821016,-0.7486658290423867,-0.05040520450858566,-0.137882516600205,-0.7248443253317315,-0.5021169350555708,-0.05040520450858566,-0.15948955447021562,-0.7114287051290039,1.0,-0.7240018867226967,,-0.1377870764931985,,,-2.864649953257677e-17,,,,,,,-2.864649953257677e-17,,,,-2.864649953257677e-17,0.021820743437413453,-0.01925846447451392,-0.021200821985718633,0.019025812873537606,-0.010348623903868155,,-0.020406862477477073,-0.020406862477477073,-0.020406862477477073,,0.02207592480637284,0.02207592480637284,0.02207592480637284,0.02101523936135545,,,-0.02092652113812754,-0.02092652113812754,-0.02092652113812754,,0.023730110656602833,-0.021422508944015123,-0.022517541304932286,0.020374771909784015,0.00907797420474749,0.00581368687648667,0.00581368687648667,0.00581368687648667,,,,-0.010405164519308572,-0.010405164519308572,-0.010405164519308572,,,,0.010176735577678037,0.010176735577678037,0.010176735577678037,-2.864649953257677e-17,0.010234406075542499,,-0.6846836499903884,-0.6726491567031714,-0.6892650039489878,-0.6635287902680208
0.2231305313432412,0.5384326463361296,0.43860177666215444,1.0,-2.0361141780125468e-17,0.40380649614492553,0.24213339457702068,0.2333200595954889,0.3692188498676886,0.9999628506950593,0.8006066602583213,0.2333200595954889,0.349910804157184,0.9729768228241882,-0.7240018867226967,1.0,,0.3699557759054955,,,-2.0361141780125468e-17,,,,,,,-2.0361141780125468e-17,,,,-2.0361141780125468e-17,-0.06391334992756015,0.05831524100045069,0.06180637466278479,-0.05750308965879876,0.039113166123659726,,0.05900241452052285,0.05900241452052285,0.05900241452052285,,-0.06578834929129597,-0.06578834929129597,-0.06578834929129597,-0.06026302939046002,,,0.06089940947736432,0.06089940947736432,0.06089940947736432,,-0.06408351170267731,0.05452787380980344,0.06212076734486772,-0.059239314930125464,-0.029210315091726093,-0.03049637568976959,-0.03049637568976959,-0.03049637568976959,,,,0.03919841826829469,0.03919841826829469,0.03919841826829469,,,,-0.03885169653802895,-0.03885169653802895,-0.03885169653802895,-2.0361141780125468e-17,-0.03893980560137669,,0.8745067082395012,0.8644696022173468,0.8775646804635001,0.8579052388428114
,,,,,,,,,,,,,,,,,,,,,,,,,,,,,,,,,,,,,,,,,,,,,,,,,,,,,,,,,,,,,,,,,,,,,,,,,,,,,,
0.7586209855863834,-0.34281976259054964,0.6585677005059003,0.3699557759054955,1.2823271960196933e-16,0.7835406114183514,-0.3273490704311825,0.4350063239880063,0.9998260870590602,0.3680027424937943,0.0537570419206807,0.4350063239880063,0.9850050855485091,0.5552257969237251,-0.1377870764931985,0.3699557759054955,,1.0,,,1.2823271960196933e-16,,,,,,,1.2823271960196933e-16,,,,1.2823271960196933e-16,0.15471543573056581,-0.15870678046785347,-0.15598823490185013,0.12920912704868706,-0.14433889133090486,,-0.1542519620025489,-0.1542519620025489,-0.1542519620025489,,0.12024290628978934,0.12024290628978934,0.12024290628978934,0.1514771562593009,,,-0.15511096955741374,-0.15511096955741374,-0.15511096955741374,,0.1639490542676151,-0.13957063548581683,-0.1640151894694793,0.15210957936386063,0.15897692526070797,0.04568492292708326,0.04568492292708326,0.04568492292708326,,,,-0.14485115429904283,-0.14485115429904283,-0.14485115429904283,,,,0.14277845042815124,0.14277845042815124,0.14277845042815124,1.2823271960196933e-16,0.1433025108236899,,0.3254226613057132,0.3061199104045056,0.32789301141307353,0.302204268325128
,,,,,,,,,,,,,,,,,,,,,,,,,,,,,,,,,,,,,,,,,,,,,,,,,,,,,,,,,,,,,,,,,,,,,,,,,,,,,,
,,,,,,,,,,,,,,,,,,,,,,,,,,,,,,,,,,,,,,,,,,,,,,,,,,,,,,,,,,,,,,,,,,,,,,,,,,,,,,
4.524102255345597e-15,2.1264903545877943e-16,1.0692411674796988e-16,-2.0361141780125468e-17,1.0,-2.448999524622695e-16,-1.333460325741849e-16,3.727238863463447e-18,1.3880727520275545e-16,6.531522864034533e-17,-3.565857306965682e-17,3.727238863463447e-18,-1.2436462198908048e-15,4.1046867522727673e-16,-2.864649953257677e-17,-2.0361141780125468e-17,,1.2823271960196933e-16,,,1.0,,,,,,,1.0,,,,1.0,2.079801839754825e-14,-4.98631003298262e-14,-7.676968319184288e-14,-3.357268392625688e-14,-1.1343643980846433e-14,,4.876640447689528e-13,4.876640447689528e-13,4.876640447689528e-13,,2.173720756994009e-13,2.173720756994009e-13,2.173720756994009e-13,-1.1911801366515264e-15,,,-2.3019454235307177e-14,-2.3019454235307177e-14,-2.3019454235307177e-14,,2.4807688971803107e-14,3.918344016117024e-15,-2.4047002254696188e-14,-4.8683870367893984e-14,-1.1283700835637277e-14,5.225800464668449e-15,5.225800464668449e-15,5.225800464668449e-15,,,,-2.104158746159874e-15,-2.104158746159874e-15,-2.104158746159874e-15,,,,-4.828248080133891e-14,-4.828248080133891e-14,-4.828248080133891e-14,1.0,-8.15402212905727e-13,,1.8983911070552286e-16,-7.500373785051373e-17,1.2009235054552076e-17,7.472606785372942e-17
,,,,,,,,,,,,,,,,,,,,,,,,,,,,,,,,,,,,,,,,,,,,,,,,,,,,,,,,,,,,,,,,,,,,,,,,,,,,,,
,,,,,,,,,,,,,,,,,,,,,,,,,,,,,,,,,,,,,,,,,,,,,,,,,,,,,,,,,,,,,,,,,,,,,,,,,,,,,,
,,,,,,,,,,,,,,,,,,,,,,,,,,,,,,,,,,,,,,,,,,,,,,,,,,,,,,,,,,,,,,,,,,,,,,,,,,,,,,
,,,,,,,,,,,,,,,,,,,,,,,,,,,,,,,,,,,,,,,,,,,,,,,,,,,,,,,,,,,,,,,,,,,,,,,,,,,,,,
,,,,,,,,,,,,,,,,,,,,,,,,,,,,,,,,,,,,,,,,,,,,,,,,,,,,,,,,,,,,,,,,,,,,,,,,,,,,,,
,,,,,,,,,,,,,,,,,,,,,,,,,,,,,,,,,,,,,,,,,,,,,,,,,,,,,,,,,,,,,,,,,,,,,,,,,,,,,,
4.524102255345597e-15,2.1264903545877943e-16,1.0692411674796988e-16,-2.0361141780125468e-17,1.0,-2.448999524622695e-16,-1.333460325741849e-16,3.727238863463447e-18,1.3880727520275545e-16,6.531522864034533e-17,-3.565857306965682e-17,3.727238863463447e-18,-1.2436462198908048e-15,4.1046867522727673e-16,-2.864649953257677e-17,-2.0361141780125468e-17,,1.2823271960196933e-16,,,1.0,,,,,,,1.0,,,,1.0,2.079801839754825e-14,-4.98631003298262e-14,-7.676968319184288e-14,-3.357268392625688e-14,-1.1343643980846433e-14,,4.876640447689528e-13,4.876640447689528e-13,4.876640447689528e-13,,2.173720756994009e-13,2.173720756994009e-13,2.173720756994009e-13,-1.1911801366515264e-15,,,-2.3019454235307177e-14,-2.3019454235307177e-14,-2.3019454235307177e-14,,2.4807688971803107e-14,3.918344016117024e-15,-2.4047002254696188e-14,-4.8683870367893984e-14,-1.1283700835637277e-14,5.225800464668449e-15,5.225800464668449e-15,5.225800464668449e-15,,,,-2.104158746159874e-15,-2.104158746159874e-15,-2.104158746159874e-15,,,,-4.828248080133891e-14,-4.828248080133891e-14,-4.828248080133891e-14,1.0,-8.15402212905727e-13,,1.8983911070552286e-16,-7.500373785051373e-17,1.2009235054552076e-17,7.472606785372942e-17
,,,,,,,,,,,,,,,,,,,,,,,,,,,,,,,,,,,,,,,,,,,,,,,,,,,,,,,,,,,,,,,,,,,,,,,,,,,,,,
,,,,,,,,,,,,,,,,,,,,,,,,,,,,,,,,,,,,,,,,,,,,,,,,,,,,,,,,,,,,,,,,,,,,,,,,,,,,,,
,,,,,,,,,,,,,,,,,,,,,,,,,,,,,,,,,,,,,,,,,,,,,,,,,,,,,,,,,,,,,,,,,,,,,,,,,,,,,,
4.524102255345597e-15,2.1264903545877943e-16,1.0692411674796988e-16,-2.0361141780125468e-17,1.0,-2.448999524622695e-16,-1.333460325741849e-16,3.727238863463447e-18,1.3880727520275545e-16,6.531522864034533e-17,-3.565857306965682e-17,3.727238863463447e-18,-1.2436462198908048e-15,4.1046867522727673e-16,-2.864649953257677e-17,-2.0361141780125468e-17,,1.2823271960196933e-16,,,1.0,,,,,,,1.0,,,,1.0,2.079801839754825e-14,-4.98631003298262e-14,-7.676968319184288e-14,-3.357268392625688e-14,-1.1343643980846433e-14,,4.876640447689528e-13,4.876640447689528e-13,4.876640447689528e-13,,2.173720756994009e-13,2.173720756994009e-13,2.173720756994009e-13,-1.1911801366515264e-15,,,-2.3019454235307177e-14,-2.3019454235307177e-14,-2.3019454235307177e-14,,2.4807688971803107e-14,3.918344016117024e-15,-2.4047002254696188e-14,-4.8683870367893984e-14,-1.1283700835637277e-14,5.225800464668449e-15,5.225800464668449e-15,5.225800464668449e-15,,,,-2.104158746159874e-15,-2.104158746159874e-15,-2.104158746159874e-15,,,,-4.828248080133891e-14,-4.828248080133891e-14,-4.828248080133891e-14,1.0,-8.15402212905727e-13,,1.8983911070552286e-16,-7.500373785051373e-17,1.2009235054552076e-17,7.472606785372942e-17
0.17515624312512737,-0.09437417443019876,0.1288317359584202,-0.06391334992756015,2.079801839754825e-14,0.10798104776441586,-0.0699461374324503,0.09112733095733785,0.15543813149927863,-0.06129974592003375,-0.16333262253032613,0.09112733095733785,0.16007519157556258,-0.010724728130663783,0.021820743437413453,-0.06391334992756015,,0.15471543573056581,,,2.079801839754825e-14,,,,,,,2.079801839754825e-14,,,,2.079801839754825e-14,1.0,-0.9910104424747187,-0.9981532109443219,0.9069609075447079,-0.8326830839970433,,-0.994458094121599,-0.994458094121599,-0.994458094121599,,0.8924695251922907,0.8924695251922907,0.8924695251922907,0.992422422029447,,,-0.9884839507593812,-0.9884839507593812,-0.9884839507593812,,0.9447771854443844,-0.7758703960011955,-0.957726870882095,0.9905443182523297,0.7672456233010215,0.30657319866899185,0.30657319866899185,0.30657319866899185,,,,-0.834322265608618,-0.834322265608618,-0.834322265608618,,,,0.8276248570798503,0.8276248570798503,0.8276248570798503,2.079801839754825e-14,0.8293343854392937,,-0.19382858937951108,-0.20384672680531526,-0.19070558020685677,-0.2089278074971157
-0.1697027479988518,0.0921779199343991,-0.12594306779767098,0.05831524100045069,-4.98631003298262e-14,-0.12368396117410627,0.06857425885937696,-0.07718115775140716,-0.1595537103605922,0.0554242535903826,0.16264596825992647,-0.07718115775140716,-0.16306636596664223,0.005275731766900432,-0.01925846447451392,0.05831524100045069,,-0.15870678046785347,,,-4.98631003298262e-14,,,,,,,-4.98631003298262e-14,,,,-4.98631003298262e-14,-0.9910104424747187,1.0,0.9904203836962207,-0.9104765039582575,0.8947779890280884,,0.9929460719089529,0.9929460719089529,0.9929460719089529,,-0.889305741841722,-0.889305741841722,-0.889305741841722,-0.9858555643572802,,,0.9932689963496021,0.9932689963496021,0.9932689963496021,,-0.9284923046535694,0.7535426555163529,0.942470430023044,-0.9897191449744462,-0.7138363514031095,-0.26822340712885834,-0.26822340712885834,-0.26822340712885834,,,,0.8960685513292335,0.8960685513292335,0.8960685513292335,,,,-0.8907652856975444,-0.8907652856975444,-0.8907652856975444,-4.98631003298262e-14,-0.8921264150110255,,0.18318707682653268,0.1926907921991117,0.18011185672574492,0.19775127204942713
-0.17654095639338488,0.09381869768195851,-0.12704458489634501,0.06180637466278479,-7.676968319184288e-14,-0.11139993781381727,0.06953441421439176,-0.09906437348963998,-0.15669151174760274,0.05921763618663071,0.16149140448635727,-0.09906437348963998,-0.1607530721383769,0.008906378433598476,-0.021200821985718633,0.06180637466278479,,-0.15598823490185013,,,-7.676968319184288e-14,,,,,,,-7.676968319184288e-14,,,,-7.676968319184288e-14,-0.9981532109443219,0.9904203836962207,1.0,-0.8839691098818654,0.8245728500687193,,0.9908890419559311,0.9908890419559311,0.9908890419559311,,-0.8658702276557817,-0.8658702276557817,-0.8658702276557817,-0.98655778596408,,,0.9856180292611474,0.9856180292611474,0.9856180292611474,,-0.9531877026690001,0.7997736170740848,0.9642786868160802,-0.9844589372273407,-0.7457426389621905,-0.25549138942222077,-0.25549138942222077,-0.25549138942222077,,,,0.8261995294236306,0.8261995294236306,0.8261995294236306,,,,-0.819553551337095,-0.819553551337095,-0.819553551337095,-7.676968319184288e-14,-0.821249866249482,,0.18923075455200386,0.19951070075271474,0.18611506539655256,0.20459339977002008
0.12313180053743288,-0.08118706771993595,0.11150324861213229,-0.05750308965879876,-3.357268392625688e-14,0.08708618349985209,-0.060207483551824176,0.014385729432158108,0.1305995877521346,-0.054453306830440966,-0.14623728853624854,0.014385729432158108,0.13547738479239543,-0.011414194949845776,0.019025812873537606,-0.05750308965879876,,0.12920912704868706,,,-3.357268392625688e-14,,,,,,,-3.357268392625688e-14,,,,-3.357268392625688e-14,0.9069609075447079,-0.9104765039582575,-0.8839691098818654,1.0,-0.8710132805263614,,-0.9341624122360114,-0.9341624122360114,-0.9341624122360114,,0.9954550255128014,0.9954550255128014,0.9954550255128014,0.9447195008975944,,,-0.9234167209629853,-0.9234167209629853,-0.9234167209629853,,0.7816741575954648,-0.5183454821502183,-0.8094539810391956,0.9495729940028566,0.7934190142897458,0.5969453878734149,0.5969453878734149,0.5969453878734149,,,,-0.8721763550665862,-0.8721763550665862,-0.8721763550665862,,,,0.8673852784805929,0.8673852784805929,0.8673852784805929,-3.357268392625688e-14,0.8686178101407658,,-0.2008077612774398,-0.20758735164209702,-0.19805407101294245,-0.21199999432321825
-0.1229688074788356,0.07365243038965531,-0.10467661037902373,0.039113166123659726,-1.1343643980846433e-14,-0.14594938599766966,0.05562803525624238,0.005443431506006819,-0.14555931044332837,0.03562741757558171,0.14328323954799554,0.005443431506006819,-0.14693874926920397,-0.006798100742196798,-0.010348623903868155,0.039113166123659726,,-0.14433889133090486,,,-1.1343643980846433e-14,,,,,,,-1.1343643980846433e-14,,,,-1.1343643980846433e-14,-0.8326830839970433,0.8947779890280884,0.8245728500687193,-0.8710132805263614,1.0,,0.8641959217718767,0.8641959217718767,0.8641959217718767,,-0.84224897910691,-0.84224897910691,-0.84224897910691,-0.8489435617588706,,,0.8825937568007326,0.8825937568007326,0.8825937568007326,,-0.7216863917844518,0.5021713198049282,0.7433099666654815,-0.8716415151396278,-0.509045940667197,-0.2681739061019842,-0.2681739061019842,-0.2681739061019842,,,,0.9999895420593774,0.9999895420593774,0.9999895420593774,,,,-0.9999044865000061,-0.9999044865000061,-0.9999044865000061,-1.1343643980846433e-14,-0.9999577007163144,,0.13836786427904768,0.14403023817932173,0.1358438843996059,0.14832550923316742
,,,,,,,,,,,,,,,,,,,,,,,,,,,,,,,,,,,,,,,,,,,,,,,,,,,,,,,,,,,,,,,,,,,,,,,,,,,,,,
-0.16333899176593858,0.0920193155455316,-0.12098382974432029,0.05900241452052285,4.876640447689528e-13,-0.11336282248833303,0.06813618485293801,-0.0803372400281372,-0.15510798612211485,0.0562075574080958,0.1586221813373558,-0.0803372400281372,-0.1581364652711116,0.007144457853587843,-0.020406862477477073,0.05900241452052285,,-0.1542519620025489,,,4.876640447689528e-13,,,,,,,4.876640447689528e-13,,,,4.876640447689528e-13,-0.994458094121599,0.9929460719089529,0.9908890419559311,-0.9341624122360114,0.8641959217718767,,1.0,1.0,1.0,,-0.9153889288347407,-0.9153889288347407,-0.9153889288347407,-0.99853318390117,,,0.9941801642296831,0.9941801642296831,0.9941801642296831,,-0.9321362490259856,0.7482693119332217,0.9473392133979374,-0.9989434837309255,-0.7633720511958656,-0.3340698253986774,-0.3340698253986774,-0.3340698253986774,,,,0.8656631115881832,0.8656631115881832,0.8656631115881832,,,,-0.8596533595516126,-0.8596533595516126,-0.8596533595516126,4.876640447689528e-13,-0.861191077472505,,0.19079547121037377,0.2003568598026479,0.18778232272624254,0.20525302869703513
-0.16333899176593858,0.0920193155455316,-0.12098382974432029,0.05900241452052285,4.876640447689528e-13,-0.11336282248833303,0.06813618485293801,-0.0803372400281372,-0.15510798612211485,0.0562075574080958,0.1586221813373558,-0.0803372400281372,-0.1581364652711116,0.007144457853587843,-0.020406862477477073,0.05900241452052285,,-0.1542519620025489,,,4.876640447689528e-13,,,,,,,4.876640447689528e-13,,,,4.876640447689528e-13,-0.994458094121599,0.9929460719089529,0.9908890419559311,-0.9341624122360114,0.8641959217718767,,1.0,1.0,1.0,,-0.9153889288347407,-0.9153889288347407,-0.9153889288347407,-0.99853318390117,,,0.9941801642296831,0.9941801642296831,0.9941801642296831,,-0.9321362490259856,0.7482693119332217,0.9473392133979374,-0.9989434837309255,-0.7633720511958656,-0.3340698253986774,-0.3340698253986774,-0.3340698253986774,,,,0.8656631115881832,0.8656631115881832,0.8656631115881832,,,,-0.8596533595516126,-0.8596533595516126,-0.8596533595516126,4.876640447689528e-13,-0.861191077472505,,0.19079547121037377,0.2003568598026479,0.18778232272624254,0.20525302869703513
-0.16333899176593858,0.0920193155455316,-0.12098382974432029,0.05900241452052285,4.876640447689528e-13,-0.11336282248833303,0.06813618485293801,-0.0803372400281372,-0.15510798612211485,0.0562075574080958,0.1586221813373558,-0.0803372400281372,-0.1581364652711116,0.007144457853587843,-0.020406862477477073,0.05900241452052285,,-0.1542519620025489,,,4.876640447689528e-13,,,,,,,4.876640447689528e-13,,,,4.876640447689528e-13,-0.994458094121599,0.9929460719089529,0.9908890419559311,-0.9341624122360114,0.8641959217718767,,1.0,1.0,1.0,,-0.9153889288347407,-0.9153889288347407,-0.9153889288347407,-0.99853318390117,,,0.9941801642296831,0.9941801642296831,0.9941801642296831,,-0.9321362490259856,0.7482693119332217,0.9473392133979374,-0.9989434837309255,-0.7633720511958656,-0.3340698253986774,-0.3340698253986774,-0.3340698253986774,,,,0.8656631115881832,0.8656631115881832,0.8656631115881832,,,,-0.8596533595516126,-0.8596533595516126,-0.8596533595516126,4.876640447689528e-13,-0.861191077472505,,0.19079547121037377,0.2003568598026479,0.18778232272624254,0.20525302869703513
,,,,,,,,,,,,,,,,,,,,,,,,,,,,,,,,,,,,,,,,,,,,,,,,,,,,,,,,,,,,,,,,,,,,,,,,,,,,,,
0.12271110280523638,-0.08183822711493396,0.11519160119442946,-0.06578834929129597,2.173720756994009e-13,0.07166728857628724,-0.0604856742551442,0.012266509842724652,0.12153508668155795,-0.06290132433326032,-0.1485132361387371,0.012266509842724652,0.12847782367268418,-0.019909237932621893,0.02207592480637284,-0.06578834929129597,,0.12024290628978934,,,2.173720756994009e-13,,,,,,,2.173720756994009e-13,,,,2.173720756994009e-13,0.8924695251922907,-0.889305741841722,-0.8658702276557817,0.9954550255128014,-0.84224897910691,,-0.9153889288347407,-0.9153889288347407,-0.9153889288347407,,1.0,1.0,1.0,0.9290383307026072,,,-0.9023967752236525,-0.9023967752236525,-0.9023967752236525,,0.7621367600933219,-0.4901396155843529,-0.7879245707994067,0.9324597406130241,0.8138472715366324,0.6436771695449408,0.6436771695449408,0.6436771695449408,,,,-0.8435844698185448,-0.8435844698185448,-0.8435844698185448,,,,0.8381027038058474,0.8381027038058474,0.8381027038058474,2.173720756994009e-13,0.8395081387045581,,-0.2129026666474577,-0.21951161654196363,-0.2100973321133157,-0.22398308881002704
0.12271110280523638,-0.08183822711493396,0.11519160119442946,-0.06578834929129597,2.173720756994009e-13,0.07166728857628724,-0.0604856742551442,0.012266509842724652,0.12153508668155795,-0.06290132433326032,-0.1485132361387371,0.012266509842724652,0.12847782367268418,-0.019909237932621893,0.02207592480637284,-0.06578834929129597,,0.12024290628978934,,,2.173720756994009e-13,,,,,,,2.173720756994009e-13,,,,2.173720756994009e-13,0.8924695251922907,-0.889305741841722,-0.8658702276557817,0.9954550255128014,-0.84224897910691,,-0.9153889288347407,-0.9153889288347407,-0.9153889288347407,,1.0,1.0,1.0,0.9290383307026072,,,-0.9023967752236525,-0.9023967752236525,-0.9023967752236525,,0.7621367600933219,-0.4901396155843529,-0.7879245707994067,0.9324597406130241,0.8138472715366324,0.6436771695449408,0.6436771695449408,0.6436771695449408,,,,-0.8435844698185448,-0.8435844698185448,-0.8435844698185448,,,,0.8381027038058474,0.8381027038058474,0.8381027038058474,2.173720756994009e-13,0.8395081387045581,,-0.2129026666474577,-0.21951161654196363,-0.2100973321133157,-0.22398308881002704
0.12271110280523638,-0.08183822711493396,0.11519160119442946,-0.06578834929129597,2.173720756994009e-13,0.07166728857628724,-0.0604856742551442,0.012266509842724652,0.12153508668155795,-0.06290132433326032,-0.1485132361387371,0.012266509842724652,0.12847782367268418,-0.019909237932621893,0.02207592480637284,-0.06578834929129597,,0.12024290628978934,,,2.173720756994009e-13,,,,,,,2.173720756994009e-13,,,,2.173720756994009e-13,0.8924695251922907,-0.889305741841722,-0.8658702276557817,0.9954550255128014,-0.84224897910691,,-0.9153889288347407,-0.9153889288347407,-0.9153889288347407,,1.0,1.0,1.0,0.9290383307026072,,,-0.9023967752236525,-0.9023967752236525,-0.9023967752236525,,0.7621367600933219,-0.4901396155843529,-0.7879245707994067,0.9324597406130241,0.8138472715366324,0.6436771695449408,0.6436771695449408,0.6436771695449408,,,,-0.8435844698185448,-0.8435844698185448,-0.8435844698185448,,,,0.8381027038058474,0.8381027038058474,0.8381027038058474,2.173720756994009e-13,0.8395081387045581,,-0.2129026666474577,-0.21951161654196363,-0.2100973321133157,-0.22398308881002704
0.1611522008589075,-0.09194290347865314,0.12077623682024663,-0.06026302939046002,-1.1911801366515264e-15,0.10652879974184346,-0.06799802990982272,0.07916758390985802,0.15236079193600094,-0.05751201916022632,-0.1578828876369397,0.07916758390985802,0.15574284883879633,-0.008801704134569146,0.02101523936135545,-0.06026302939046002,,0.1514771562593009,,,-1.1911801366515264e-15,,,,,,,-1.1911801366515264e-15,,,,-1.1911801366515264e-15,0.992422422029447,-0.9858555643572802,-0.98655778596408,0.9447195008975944,-0.8489435617588706,,-0.99853318390117,-0.99853318390117,-0.99853318390117,,0.9290383307026072,0.9290383307026072,0.9290383307026072,1.0,,,-0.9898538701402801,-0.9898538701402801,-0.9898538701402801,,0.9262813463465666,-0.7352314091016834,-0.9424167273066608,0.9989985155871774,0.788083829179536,0.37562772388008553,0.37562772388008553,0.37562772388008553,,,,-0.8505081850714202,-0.8505081850714202,-0.8505081850714202,,,,0.8441081400548998,0.8441081400548998,0.8441081400548998,-1.1911801366515264e-15,0.8457435565960776,,-0.1961048386745998,-0.20559952968124443,-0.19309811919837552,-0.21045981248487816
,,,,,,,,,,,,,,,,,,,,,,,,,,,,,,,,,,,,,,,,,,,,,,,,,,,,,,,,,,,,,,,,,,,,,,,,,,,,,,
,,,,,,,,,,,,,,,,,,,,,,,,,,,,,,,,,,,,,,,,,,,,,,,,,,,,,,,,,,,,,,,,,,,,,,,,,,,,,,
-0.16390365264159942,0.09341062692657537,-0.12090599450304511,0.06089940947736432,-2.3019454235307177e-14,-0.11075143438253424,0.06915828404873085,-0.06656091397387674,-0.15599922385987616,0.05801010492876122,0.15926800393941015,-0.06656091397387674,-0.1588675530786485,0.008177215868643414,-0.02092652113812754,0.06089940947736432,,-0.15511096955741374,,,-2.3019454235307177e-14,,,,,,,-2.3019454235307177e-14,,,,-2.3019454235307177e-14,-0.9884839507593812,0.9932689963496021,0.9856180292611474,-0.9234167209629853,0.8825937568007326,,0.9941801642296831,0.9941801642296831,0.9941801642296831,,-0.9023967752236525,-0.9023967752236525,-0.9023967752236525,-0.9898538701402801,,,1.0,1.0,1.0,,-0.9316780595082028,0.7632457241766863,0.9513663435650441,-0.9924450205420394,-0.7084860723094455,-0.2844435219044388,-0.2844435219044388,-0.2844435219044388,,,,0.8838670060516581,0.8838670060516581,0.8838670060516581,,,,-0.8786370823872022,-0.8786370823872022,-0.8786370823872022,-2.3019454235307177e-14,-0.8799788520868832,,0.18437918424458327,0.19386529810977107,0.18135404301008617,0.19881272338355632
-0.16390365264159942,0.09341062692657537,-0.12090599450304511,0.06089940947736432,-2.3019454235307177e-14,-0.11075143438253424,0.06915828404873085,-0.06656091397387674,-0.15599922385987616,0.05801010492876122,0.15926800393941015,-0.06656091397387674,-0.1588675530786485,0.008177215868643414,-0.02092652113812754,0.06089940947736432,,-0.15511096955741374,,,-2.3019454235307177e-14,,,,,,,-2.3019454235307177e-14,,,,-2.3019454235307177e-14,-0.9884839507593812,0.9932689963496021,0.9856180292611474,-0.9234167209629853,0.8825937568007326,,0.9941801642296831,0.9941801642296831,0.9941801642296831,,-0.9023967752236525,-0.9023967752236525,-0.9023967752236525,-0.9898538701402801,,,1.0,1.0,1.0,,-0.9316780595082028,0.7632457241766863,0.9513663435650441,-0.9924450205420394,-0.7084860723094455,-0.2844435219044388,-0.2844435219044388,-0.2844435219044388,,,,0.8838670060516581,0.8838670060516581,0.8838670060516581,,,,-0.8786370823872022,-0.8786370823872022,-0.8786370823872022,-2.3019454235307177e-14,-0.8799788520868832,,0.18437918424458327,0.19386529810977107,0.18135404301008617,0.19881272338355632
-0.16390365264159942,0.09341062692657537,-0.12090599450304511,0.06089940947736432,-2.3019454235307177e-14,-0.11075143438253424,0.06915828404873085,-0.06656091397387674,-0.15599922385987616,0.05801010492876122,0.15926800393941015,-0.06656091397387674,-0.1588675530786485,0.008177215868643414,-0.02092652113812754,0.06089940947736432,,-0.15511096955741374,,,-2.3019454235307177e-14,,,,,,,-2.3019454235307177e-14,,,,-2.3019454235307177e-14,-0.9884839507593812,0.9932689963496021,0.9856180292611474,-0.9234167209629853,0.8825937568007326,,0.9941801642296831,0.9941801642296831,0.9941801642296831,,-0.9023967752236525,-0.9023967752236525,-0.9023967752236525,-0.9898538701402801,,,1.0,1.0,1.0,,-0.9316780595082028,0.7632457241766863,0.9513663435650441,-0.9924450205420394,-0.7084860723094455,-0.2844435219044388,-0.2844435219044388,-0.2844435219044388,,,,0.8838670060516581,0.8838670060516581,0.8838670060516581,,,,-0.8786370823872022,-0.8786370823872022,-0.8786370823872022,-2.3019454235307177e-14,-0.8799788520868832,,0.18437918424458327,0.19386529810977107,0.18135404301008617,0.19881272338355632
,,,,,,,,,,,,,,,,,,,,,,,,,,,,,,,,,,,,,,,,,,,,,,,,,,,,,,,,,,,,,,,,,,,,,,,,,,,,,,
0.17687188832037057,-0.09670992667919842,0.12090588425479248,-0.06408351170267731,2.4807688971803107e-14,0.12258782445669958,-0.07122188431923093,0.15923208861454324,0.16321491606921393,-0.06237696203583033,-0.1740302601187849,0.15923208861454324,0.16423514175054157,-0.009977343348189333,0.023730110656602833,-0.06408351170267731,,0.1639490542676151,,,2.4807688971803107e-14,,,,,,,2.4807688971803107e-14,,,,2.4807688971803107e-14,0.9447771854443844,-0.9284923046535694,-0.9531877026690001,0.7816741575954648,-0.7216863917844518,,-0.9321362490259856,-0.9321362490259856,-0.9321362490259856,,0.7621367600933219,0.7621367600933219,0.7621367600933219,0.9262813463465666,,,-0.9316780595082028,-0.9316780595082028,-0.9316780595082028,,1.0,-0.9173807429984925,-0.9868785732458216,0.9196117374076368,0.6941716006439498,0.13460316361509142,0.13460316361509142,0.13460316361509142,,,,-0.7236632609109312,-0.7236632609109312,-0.7236632609109312,,,,0.7156258422220616,0.7156258422220616,0.7156258422220616,2.4807688971803107e-14,0.7176676241612208,,-0.1703945401497655,-0.18187941070619726,-0.16768548876177045,-0.18608300005713432
-0.15678579989854396,0.08284896568983018,-0.09639460421189892,0.05452787380980344,3.918344016117024e-15,-0.10081109331072917,0.060687191112497554,-0.18848268763290107,-0.13795964942205677,0.05377762801400751,0.1352233169395561,-0.18848268763290107,-0.13708906099549675,0.009046378247225074,-0.021422508944015123,0.05452787380980344,,-0.13957063548581683,,,3.918344016117024e-15,,,,,,,3.918344016117024e-15,,,,3.918344016117024e-15,-0.7758703960011955,0.7535426555163529,0.7997736170740848,-0.5183454821502183,0.5021713198049282,,0.7482693119332217,0.7482693119332217,0.7482693119332217,,-0.4901396155843529,-0.4901396155843529,-0.4901396155843529,-0.7352314091016834,,,0.7632457241766863,0.7632457241766863,0.7632457241766863,,-0.9173807429984925,1.0,0.9144090149750573,-0.7241457827631217,-0.4446202645752045,0.16665738457168508,0.16665738457168508,0.16665738457168508,,,,0.5038920430689999,0.5038920430689999,0.5038920430689999,,,,-0.49691566952672445,-0.49691566952672445,-0.49691566952672445,3.918344016117024e-15,-0.49868305362216453,,0.12032813208317197,0.1320883940939752,0.11810163403228652,0.13549205696084077
-0.17531538893438275,0.09694717761894764,-0.11930215289756696,0.06212076734486772,-2.4047002254696188e-14,-0.11566694614689861,0.07154807317212275,-0.13804213834578014,-0.1636979126481846,0.060155329310493236,0.16346234361008696,-0.13804213834578014,-0.16448882864352043,0.007887139345815967,-0.022517541304932286,0.06212076734486772,,-0.1640151894694793,,,-2.4047002254696188e-14,,,,,,,-2.4047002254696188e-14,,,,-2.4047002254696188e-14,-0.957726870882095,0.942470430023044,0.9642786868160802,-0.8094539810391956,0.7433099666654815,,0.9473392133979374,0.9473392133979374,0.9473392133979374,,-0.7879245707994067,-0.7879245707994067,-0.7879245707994067,-0.9424167273066608,,,0.9513663435650441,0.9513663435650441,0.9513663435650441,,-0.9868785732458216,0.9144090149750573,1.0,-0.9365467520257308,-0.6887200734831443,-0.16012775033810236,-0.16012775033810236,-0.16012775033810236,,,,0.7450818557010821,0.7450818557010821,0.7450818557010821,,,,-0.7378671465245081,-0.7378671465245081,-0.7378671465245081,-2.4047002254696188e-14,-0.7397025812242503,,0.16574653809990716,0.17685959144415864,0.1629754079123004,0.18125230763189923
0.15927424862039652,-0.09127065079068965,0.12063844066154701,-0.059239314930125464,-4.8683870367893984e-14,0.11082264981192148,-0.06759409912196693,0.0723620063543592,0.15304210898528758,-0.056389785238766824,-0.158178306442401,0.0723620063543592,0.15633634590387074,-0.007755554210238598,0.020374771909784015,-0.059239314930125464,,0.15210957936386063,,,-4.8683870367893984e-14,,,,,,,-4.8683870367893984e-14,,,,-4.8683870367893984e-14,0.9905443182523297,-0.9897191449744462,-0.9844589372273407,0.9495729940028566,-0.8716415151396278,,-0.9989434837309255,-0.9989434837309255,-0.9989434837309255,,0.9324597406130241,0.9324597406130241,0.9324597406130241,0.9989985155871774,,,-0.9924450205420394,-0.9924450205420394,-0.9924450205420394,,0.9196117374076368,-0.7241457827631217,-0.9365467520257308,1.0,0.772664766885848,0.37022615453464364,0.37022615453464364,0.37022615453464364,,,,-0.8730784606994079,-0.8730784606994079,-0.8730784606994079,,,,0.8671889314123227,0.8671889314123227,0.8671889314123227,-4.8683870367893984e-14,0.8686967873740326,,-0.19349482365401888,-0.20276565883965617,-0.19049294359204727,-0.20763545597394678
0.17796129578157965,-0.08192740078662292,0.12177718396066892,-0.029210315091726093,-1.1283700835637277e-14,0.0930757334974649,-0.06179813294227308,0.13504429059497247,0.15910968677304474,-0.02785070940791486,-0.1359585723846299,0.13504429059497247,0.1616046803341924,0.016695258919526067,0.00907797420474749,-0.029210315091726093,,0.15897692526070797,,,-1.1283700835637277e-14,,,,,,,-1.1283700835637277e-14,,,,-1.1283700835637277e-14,0.7672456233010215,-0.7138363514031095,-0.7457426389621905,0.7934190142897458,-0.509045940667197,,-0.7633720511958656,-0.7633720511958656,-0.7633720511958656,,0.8138472715366324,0.8138472715366324,0.8138472715366324,0.788083829179536,,,-0.7084860723094455,-0.7084860723094455,-0.7084860723094455,,0.6941716006439498,-0.4446202645752045,-0.6887200734831443,0.772664766885848,1.0,0.7066134544469249,0.7066134544469249,0.7066134544469249,,,,-0.5119883903295851,-0.5119883903295851,-0.5119883903295851,,,,0.5000878278537491,0.5000878278537491,0.5000878278537491,-1.1283700835637277e-14,0.503095443566176,,-0.15943644172598256,-0.1665640755454244,-0.15745510845289407,-0.16977206067268805
0.03953390027295279,-0.031262767505185224,0.07124231250392281,-0.03049637568976959,5.225800464668449e-15,-0.017952668669956106,-0.024495071715386313,-0.01994178294535571,0.04681780820553637,-0.029384328909474906,-0.07905056130588403,-0.01994178294535571,0.0556499817686664,-0.00993384272381726,0.00581368687648667,-0.03049637568976959,,0.04568492292708326,,,5.225800464668449e-15,,,,,,,5.225800464668449e-15,,,,5.225800464668449e-15,0.30657319866899185,-0.26822340712885834,-0.25549138942222077,0.5969453878734149,-0.2681739061019842,,-0.3340698253986774,-0.3340698253986774,-0.3340698253986774,,0.6436771695449408,0.6436771695449408,0.6436771695449408,0.37562772388008553,,,-0.2844435219044388,-0.2844435219044388,-0.2844435219044388,,0.13460316361509142,0.16665738457168508,-0.16012775033810236,0.37022615453464364,0.7066134544469249,1.0,1.0,1.0,,,,-0.26960994206559197,-0.26960994206559197,-0.26960994206559197,,,,0.263793788923512,0.263793788923512,0.263793788923512,5.225800464668449e-15,0.2652657290479464,,-0.12726223661746255,-0.12718464649041614,-0.1259726996793674,-0.12920160587703305
0.03953390027295279,-0.031262767505185224,0.07124231250392281,-0.03049637568976959,5.225800464668449e-15,-0.017952668669956106,-0.024495071715386313,-0.01994178294535571,0.04681780820553637,-0.029384328909474906,-0.07905056130588403,-0.01994178294535571,0.0556499817686664,-0.00993384272381726,0.00581368687648667,-0.03049637568976959,,0.04568492292708326,,,5.225800464668449e-15,,,,,,,5.225800464668449e-15,,,,5.225800464668449e-15,0.30657319866899185,-0.26822340712885834,-0.25549138942222077,0.5969453878734149,-0.2681739061019842,,-0.3340698253986774,-0.3340698253986774,-0.3340698253986774,,0.6436771695449408,0.6436771695449408,0.6436771695449408,0.37562772388008553,,,-0.2844435219044388,-0.2844435219044388,-0.2844435219044388,,0.13460316361509142,0.16665738457168508,-0.16012775033810236,0.37022615453464364,0.7066134544469249,1.0,1.0,1.0,,,,-0.26960994206559197,-0.26960994206559197,-0.26960994206559197,,,,0.263793788923512,0.263793788923512,0.263793788923512,5.225800464668449e-15,0.2652657290479464,,-0.12726223661746255,-0.12718464649041614,-0.1259726996793674,-0.12920160587703305
0.03953390027295279,-0.031262767505185224,0.07124231250392281,-0.03049637568976959,5.225800464668449e-15,-0.017952668669956106,-0.024495071715386313,-0.01994178294535571,0.04681780820553637,-0.029384328909474906,-0.07905056130588403,-0.01994178294535571,0.0556499817686664,-0.00993384272381726,0.00581368687648667,-0.03049637568976959,,0.04568492292708326,,,5.225800464668449e-15,,,,,,,5.225800464668449e-15,,,,5.225800464668449e-15,0.30657319866899185,-0.26822340712885834,-0.25549138942222077,0.5969453878734149,-0.2681739061019842,,-0.3340698253986774,-0.3340698253986774,-0.3340698253986774,,0.6436771695449408,0.6436771695449408,0.6436771695449408,0.37562772388008553,,,-0.2844435219044388,-0.2844435219044388,-0.2844435219044388,,0.13460316361509142,0.16665738457168508,-0.16012775033810236,0.37022615453464364,0.7066134544469249,1.0,1.0,1.0,,,,-0.26960994206559197,-0.26960994206559197,-0.26960994206559197,,,,0.263793788923512,0.263793788923512,0.263793788923512,5.225800464668449e-15,0.2652657290479464,,-0.12726223661746255,-0.12718464649041614,-0.1259726996793674,-0.12920160587703305
,,,,,,,,,,,,,,,,,,,,,,,,,,,,,,,,,,,,,,,,,,,,,,,,,,,,,,,,,,,,,,,,,,,,,,,,,,,,,,
,,,,,,,,,,,,,,,,,,,,,,,,,,,,,,,,,,,,,,,,,,,,,,,,,,,,,,,,,,,,,,,,,,,,,,,,,,,,,,
,,,,,,,,,,,,,,,,,,,,,,,,,,,,,,,,,,,,,,,,,,,,,,,,,,,,,,,,,,,,,,,,,,,,,,,,,,,,,,
-0.12360369416916853,0.07393802114705035,-0.1049802632282245,0.03919841826829469,-2.104158746159874e-15,-0.1460394866040605,0.05583543022552783,0.0044849229218087315,-0.14606275937981664,0.03571716699667058,0.1437476789507361,0.0044849229218087315,-0.14742740973917462,-0.006842668094180756,-0.010405164519308572,0.03919841826829469,,-0.14485115429904283,,,-2.104158746159874e-15,,,,,,,-2.104158746159874e-15,,,,-2.104158746159874e-15,-0.834322265608618,0.8960685513292335,0.8261995294236306,-0.8721763550665862,0.9999895420593774,,0.8656631115881832,0.8656631115881832,0.8656631115881832,,-0.8435844698185448,-0.8435844698185448,-0.8435844698185448,-0.8505081850714202,,,0.8838670060516581,0.8838670060516581,0.8838670060516581,,-0.7236632609109312,0.5038920430689999,0.7450818557010821,-0.8730784606994079,-0.5119883903295851,-0.26960994206559197,-0.26960994206559197,-0.26960994206559197,,,,1.0,1.0,1.0,,,,-0.9998308218341124,-0.9998308218341124,-0.9998308218341124,-2.104158746159874e-15,-0.9999051791068998,,0.1389653337187776,0.1446599197117556,0.13643773897707093,0.14896011646194932
-0.12360369416916853,0.07393802114705035,-0.1049802632282245,0.03919841826829469,-2.104158746159874e-15,-0.1460394866040605,0.05583543022552783,0.0044849229218087315,-0.14606275937981664,0.03571716699667058,0.1437476789507361,0.0044849229218087315,-0.14742740973917462,-0.006842668094180756,-0.010405164519308572,0.03919841826829469,,-0.14485115429904283,,,-2.104158746159874e-15,,,,,,,-2.104158746159874e-15,,,,-2.104158746159874e-15,-0.834322265608618,0.8960685513292335,0.8261995294236306,-0.8721763550665862,0.9999895420593774,,0.8656631115881832,0.8656631115881832,0.8656631115881832,,-0.8435844698185448,-0.8435844698185448,-0.8435844698185448,-0.8505081850714202,,,0.8838670060516581,0.8838670060516581,0.8838670060516581,,-0.7236632609109312,0.5038920430689999,0.7450818557010821,-0.8730784606994079,-0.5119883903295851,-0.26960994206559197,-0.26960994206559197,-0.26960994206559197,,,,1.0,1.0,1.0,,,,-0.9998308218341124,-0.9998308218341124,-0.9998308218341124,-2.104158746159874e-15,-0.9999051791068998,,0.1389653337187776,0.1446599197117556,0.13643773897707093,0.14896011646194932
-0.12360369416916853,0.07393802114705035,-0.1049802632282245,0.03919841826829469,-2.104158746159874e-15,-0.1460394866040605,0.05583543022552783,0.0044849229218087315,-0.14606275937981664,0.03571716699667058,0.1437476789507361,0.0044849229218087315,-0.14742740973917462,-0.006842668094180756,-0.010405164519308572,0.03919841826829469,,-0.14485115429904283,,,-2.104158746159874e-15,,,,,,,-2.104158746159874e-15,,,,-2.104158746159874e-15,-0.834322265608618,0.8960685513292335,0.8261995294236306,-0.8721763550665862,0.9999895420593774,,0.8656631115881832,0.8656631115881832,0.8656631115881832,,-0.8435844698185448,-0.8435844698185448,-0.8435844698185448,-0.8505081850714202,,,0.8838670060516581,0.8838670060516581,0.8838670060516581,,-0.7236632609109312,0.5038920430689999,0.7450818557010821,-0.8730784606994079,-0.5119883903295851,-0.26960994206559197,-0.26960994206559197,-0.26960994206559197,,,,1.0,1.0,1.0,,,,-0.9998308218341124,-0.9998308218341124,-0.9998308218341124,-2.104158746159874e-15,-0.9999051791068998,,0.1389653337187776,0.1446599197117556,0.13643773897707093,0.14896011646194932
,,,,,,,,,,,,,,,,,,,,,,,,,,,,,,,,,,,,,,,,,,,,,,,,,,,,,,,,,,,,,,,,,,,,,,,,,,,,,,
,,,,,,,,,,,,,,,,,,,,,,,,,,,,,,,,,,,,,,,,,,,,,,,,,,,,,,,,,,,,,,,,,,,,,,,,,,,,,,
,,,,,,,,,,,,,,,,,,,,,,,,,,,,,,,,,,,,,,,,,,,,,,,,,,,,,,,,,,,,,,,,,,,,,,,,,,,,,,
0.1210420158725891,-0.0727829425647344,0.10374697928295558,-0.03885169653802895,-4.828248080133891e-14,0.14566273787503925,-0.054996421612842704,-0.00833230714512284,0.14402524732198937,-0.03535284919358974,-0.1418627891265931,-0.00833230714512284,0.14544853154084983,0.006663226022837882,0.010176735577678037,-0.03885169653802895,,0.14277845042815124,,,-4.828248080133891e-14,,,,,,,-4.828248080133891e-14,,,,-4.828248080133891e-14,0.8276248570798503,-0.8907652856975444,-0.819553551337095,0.8673852784805929,-0.9999044865000061,,-0.8596533595516126,-0.8596533595516126,-0.8596533595516126,,0.8381027038058474,0.8381027038058474,0.8381027038058474,0.8441081400548998,,,-0.8786370823872022,-0.8786370823872022,-0.8786370823872022,,0.7156258422220616,-0.49691566952672445,-0.7378671465245081,0.8671889314123227,0.5000878278537491,0.263793788923512,0.263793788923512,0.263793788923512,,,,-0.9998308218341124,-0.9998308218341124,-0.9998308218341124,,,,1.0,1.0,1.0,-4.828248080133891e-14,0.9999893111975184,,-0.13654008710762802,-0.14210492182648188,-0.13402727581668053,-0.1463848918805866
0.1210420158725891,-0.0727829425647344,0.10374697928295558,-0.03885169653802895,-4.828248080133891e-14,0.14566273787503925,-0.054996421612842704,-0.00833230714512284,0.14402524732198937,-0.03535284919358974,-0.1418627891265931,-0.00833230714512284,0.14544853154084983,0.006663226022837882,0.010176735577678037,-0.03885169653802895,,0.14277845042815124,,,-4.828248080133891e-14,,,,,,,-4.828248080133891e-14,,,,-4.828248080133891e-14,0.8276248570798503,-0.8907652856975444,-0.819553551337095,0.8673852784805929,-0.9999044865000061,,-0.8596533595516126,-0.8596533595516126,-0.8596533595516126,,0.8381027038058474,0.8381027038058474,0.8381027038058474,0.8441081400548998,,,-0.8786370823872022,-0.8786370823872022,-0.8786370823872022,,0.7156258422220616,-0.49691566952672445,-0.7378671465245081,0.8671889314123227,0.5000878278537491,0.263793788923512,0.263793788923512,0.263793788923512,,,,-0.9998308218341124,-0.9998308218341124,-0.9998308218341124,,,,1.0,1.0,1.0,-4.828248080133891e-14,0.9999893111975184,,-0.13654008710762802,-0.14210492182648188,-0.13402727581668053,-0.1463848918805866
0.1210420158725891,-0.0727829425647344,0.10374697928295558,-0.03885169653802895,-4.828248080133891e-14,0.14566273787503925,-0.054996421612842704,-0.00833230714512284,0.14402524732198937,-0.03535284919358974,-0.1418627891265931,-0.00833230714512284,0.14544853154084983,0.006663226022837882,0.010176735577678037,-0.03885169653802895,,0.14277845042815124,,,-4.828248080133891e-14,,,,,,,-4.828248080133891e-14,,,,-4.828248080133891e-14,0.8276248570798503,-0.8907652856975444,-0.819553551337095,0.8673852784805929,-0.9999044865000061,,-0.8596533595516126,-0.8596533595516126,-0.8596533595516126,,0.8381027038058474,0.8381027038058474,0.8381027038058474,0.8441081400548998,,,-0.8786370823872022,-0.8786370823872022,-0.8786370823872022,,0.7156258422220616,-0.49691566952672445,-0.7378671465245081,0.8671889314123227,0.5000878278537491,0.263793788923512,0.263793788923512,0.263793788923512,,,,-0.9998308218341124,-0.9998308218341124,-0.9998308218341124,,,,1.0,1.0,1.0,-4.828248080133891e-14,0.9999893111975184,,-0.13654008710762802,-0.14210492182648188,-0.13402727581668053,-0.1463848918805866
4.524102255345597e-15,2.1264903545877943e-16,1.0692411674796988e-16,-2.0361141780125468e-17,1.0,-2.448999524622695e-16,-1.333460325741849e-16,3.727238863463447e-18,1.3880727520275545e-16,6.531522864034533e-17,-3.565857306965682e-17,3.727238863463447e-18,-1.2436462198908048e-15,4.1046867522727673e-16,-2.864649953257677e-17,-2.0361141780125468e-17,,1.2823271960196933e-16,,,1.0,,,,,,,1.0,,,,1.0,2.079801839754825e-14,-4.98631003298262e-14,-7.676968319184288e-14,-3.357268392625688e-14,-1.1343643980846433e-14,,4.876640447689528e-13,4.876640447689528e-13,4.876640447689528e-13,,2.173720756994009e-13,2.173720756994009e-13,2.173720756994009e-13,-1.1911801366515264e-15,,,-2.3019454235307177e-14,-2.3019454235307177e-14,-2.3019454235307177e-14,,2.4807688971803107e-14,3.918344016117024e-15,-2.4047002254696188e-14,-4.8683870367893984e-14,-1.1283700835637277e-14,5.225800464668449e-15,5.225800464668449e-15,5.225800464668449e-15,,,,-2.104158746159874e-15,-2.104158746159874e-15,-2.104158746159874e-15,,,,-4.828248080133891e-14,-4.828248080133891e-14,-4.828248080133891e-14,1.0,-8.15402212905727e-13,,1.8983911070552286e-16,-7.500373785051373e-17,1.2009235054552076e-17,7.472606785372942e-17
0.12168792141633478,-0.07307487511273329,0.10405995806954445,-0.03893980560137669,-8.15402212905727e-13,0.14576103209651634,-0.05520851970456196,-0.007367233593320716,0.14454052711208026,-0.03544525772324789,-0.14234077350420135,-0.007367233593320716,0.1459492854068306,0.006708374451601748,0.010234406075542499,-0.03893980560137669,,0.1433025108236899,,,-8.15402212905727e-13,,,,,,,-8.15402212905727e-13,,,,-8.15402212905727e-13,0.8293343854392937,-0.8921264150110255,-0.821249866249482,0.8686178101407658,-0.9999577007163144,,-0.861191077472505,-0.861191077472505,-0.861191077472505,,0.8395081387045581,0.8395081387045581,0.8395081387045581,0.8457435565960776,,,-0.8799788520868832,-0.8799788520868832,-0.8799788520868832,,0.7176676241612208,-0.49868305362216453,-0.7397025812242503,0.8686967873740326,0.503095443566176,0.2652657290479464,0.2652657290479464,0.2652657290479464,,,,-0.9999051791068998,-0.9999051791068998,-0.9999051791068998,,,,0.9999893111975184,0.9999893111975184,0.9999893111975184,-8.15402212905727e-13,1.0,,-0.1371552076708193,-0.14275270344052096,-0.1346386193810944,-0.14703786149574932
,,,,,,,,,,,,,,,,,,,,,,,,,,,,,,,,,,,,,,,,,,,,,,,,,,,,,,,,,,,,,,,,,,,,,,,,,,,,,,
0.19694734806560554,0.4913545674953737,0.40900521804693485,0.8745067082395012,1.8983911070552286e-16,0.3642538303206745,0.2717107215258589,0.16610440199005952,0.32462286769241006,0.8740965029366086,0.6665068071606877,0.16610440199005952,0.3135648250677364,0.8553033877675646,-0.6846836499903884,0.8745067082395012,,0.3254226613057132,,,1.8983911070552286e-16,,,,,,,1.8983911070552286e-16,,,,1.8983911070552286e-16,-0.19382858937951108,0.18318707682653268,0.18923075455200386,-0.2008077612774398,0.13836786427904768,,0.19079547121037377,0.19079547121037377,0.19079547121037377,,-0.2129026666474577,-0.2129026666474577,-0.2129026666474577,-0.1961048386745998,,,0.18437918424458327,0.18437918424458327,0.18437918424458327,,-0.1703945401497655,0.12032813208317197,0.16574653809990716,-0.19349482365401888,-0.15943644172598256,-0.12726223661746255,-0.12726223661746255,-0.12726223661746255,,,,0.1389653337187776,0.1389653337187776,0.1389653337187776,,,,-0.13654008710762802,-0.13654008710762802,-0.13654008710762802,1.8983911070552286e-16,-0.1371552076708193,,1.0,0.9987434859413914,0.999870977649431,0.9972875575749739
0.1794802699240305,0.48614971701877385,0.39161931702368474,0.8644696022173468,-7.500373785051373e-17,0.3448208920069253,0.2703078656518101,0.16266220178418123,0.30513789337049335,0.8640058766216411,0.666266285889291,0.16266220178418123,0.2943724046271465,0.8410452661485454,-0.6726491567031714,0.8644696022173468,,0.3061199104045056,,,-7.500373785051373e-17,,,,,,,-7.500373785051373e-17,,,,-7.500373785051373e-17,-0.20384672680531526,0.1926907921991117,0.19951070075271474,-0.20758735164209702,0.14403023817932173,,0.2003568598026479,0.2003568598026479,0.2003568598026479,,-0.21951161654196363,-0.21951161654196363,-0.21951161654196363,-0.20559952968124443,,,0.19386529810977107,0.19386529810977107,0.19386529810977107,,-0.18187941070619726,0.1320883940939752,0.17685959144415864,-0.20276565883965617,-0.1665640755454244,-0.12718464649041614,-0.12718464649041614,-0.12718464649041614,,,,0.1446599197117556,0.1446599197117556,0.1446599197117556,,,,-0.14210492182648188,-0.14210492182648188,-0.14210492182648188,-7.500373785051373e-17,-0.14275270344052096,,0.9987434859413914,1.0,0.9979599971940111,0.9995921709334712
0.19888069283326779,0.4950900370075939,0.4132994903088605,0.8775646804635001,1.2009235054552076e-17,0.3664251930256996,0.27345380431437755,0.16583615007373312,0.32714193313497714,0.877180983356658,0.6668115748048119,0.16583615007373312,0.3161007211281984,0.8590848747607961,-0.6892650039489878,0.8775646804635001,,0.32789301141307353,,,1.2009235054552076e-17,,,,,,,1.2009235054552076e-17,,,,1.2009235054552076e-17,-0.19070558020685677,0.18011185672574492,0.18611506539655256,-0.19805407101294245,0.1358438843996059,,0.18778232272624254,0.18778232272624254,0.18778232272624254,,-0.2100973321133157,-0.2100973321133157,-0.2100973321133157,-0.19309811919837552,,,0.18135404301008617,0.18135404301008617,0.18135404301008617,,-0.16768548876177045,0.11810163403228652,0.1629754079123004,-0.19049294359204727,-0.15745510845289407,-0.1259726996793674,-0.1259726996793674,-0.1259726996793674,,,,0.13643773897707093,0.13643773897707093,0.13643773897707093,,,,-0.13402727581668053,-0.13402727581668053,-0.13402727581668053,1.2009235054552076e-17,-0.1346386193810944,,0.999870977649431,0.9979599971940111,1.0,0.9960518318314415
0.17641601703137752,0.4784041169409685,0.3839621700575286,0.8579052388428114,7.472606785372942e-17,0.3416855377353993,0.266668040815012,0.16261600933319545,0.3011561856244976,0.8573991244123115,0.6648049760585368,0.16261600933319545,0.290411041947401,0.8333863760949475,-0.6635287902680208,0.8579052388428114,,0.302204268325128,,,7.472606785372942e-17,,,,,,,7.472606785372942e-17,,,,7.472606785372942e-17,-0.2089278074971157,0.19775127204942713,0.20459339977002008,-0.21199999432321825,0.14832550923316742,,0.20525302869703513,0.20525302869703513,0.20525302869703513,,-0.22398308881002704,-0.22398308881002704,-0.22398308881002704,-0.21045981248487816,,,0.19881272338355632,0.19881272338355632,0.19881272338355632,,-0.18608300005713432,0.13549205696084077,0.18125230763189923,-0.20763545597394678,-0.16977206067268805,-0.12920160587703305,-0.12920160587703305,-0.12920160587703305,,,,0.14896011646194932,0.14896011646194932,0.14896011646194932,,,,-0.1463848918805866,-0.1463848918805866,-0.1463848918805866,7.472606785372942e-17,-0.14703786149574932,,0.9972875575749739,0.9995921709334712,0.9960518318314415,1.0
